Method,VaR (95%)
Historical VaR,-0.019626315323234736
Parametric VaR,-0.020598261901312236
Monte Carlo VaR,-0.020811612880324414
